x_1,x_2,x_3,y
-0.02707893048731107,-1.7639798767201171,-1.8297834604211898,False
1.0147018626341626,-0.7906692002276435,-0.981605040800226,False
-0.559098278789972,0.14111051890373255,-0.10572585552958906,False
0.41767740007121723,-0.2062348554180339,-1.8717806998716326,False
-0.42627546632731134,-1.020986001685061,1.5782002017158714,True
-0.33692040974435755,-1.5841760654067467,-0.2367623787416237,True
-2.003831753621385,-0.01623653856101718,0.4169253865556924,False
-0.3613665692713917,-0.4455154853054075,-1.680779767053932,False
2.368334021640695,-0.15911723371887,2.2387868196382437,True
-0.8294451008114448,-0.600521269081775,1.5922194281159274,True
-0.8371190528897089,0.3221500271268732,0.4610923490213281,False
-0.977543709230227,-1.082924234787292,0.16383157777063656,True
-1.4805862836137185,-0.4161294651838562,0.45493921512674773,False
-0.03761178425091385,-0.8629074925850879,-1.2556356867912852,False
-1.6638976846379316,0.29066471973334235,-1.460258441040489,False
-0.2157993147832108,-0.845404068002201,0.03325483460930487,False
1.0052266087308532,-0.7897704515331364,0.6826583397587622,True
-1.4667901656334996,1.5582926576444993,-0.29563162066138565,True
-0.7533002895362163,0.8631302474803099,0.30047107566106107,False
-0.9624708848468969,-0.21487503913881223,0.2231612637709069,False
-0.8505914160906412,0.14558590509214148,-0.14014703811877632,False
-0.5610383400095095,-0.7091925633874709,-0.20297142838105062,False
0.5919562131327107,-0.22239087853930825,1.700621980963192,True
1.749945481127265,-0.5747054368838717,-0.10115902547774096,True
-0.9804835506258905,-0.5874983014591655,1.542900030785493,True
1.2194920749305183,0.46241679958933124,0.25947196405619094,True
-0.6482363707416753,1.6827794279232355,-1.6515227450676528,False
-0.7263115087532861,-0.6775615299447776,0.3505149450044922,False
0.6795884733514248,0.6716580124442775,-0.46809330869786153,False
0.00765619547906946,-0.3347641456660031,-0.49861659236818673,False
-0.2358791397793408,-0.6928175005590663,-0.2454351859491888,False
1.4493623803671554,-0.4136757477306048,0.048941673289361165,True
1.743955306983144,-1.282771628796471,-0.27814461116739897,True
-0.779279674886827,0.32382353091212984,0.1560238577675889,False
-0.6061434511066373,-0.9509481338672049,2.065587308597472,True
0.9843491030878202,0.20947137372266186,-0.21650598611877273,False
-0.29620062395838237,1.0084858671296137,0.6681486764205714,True
-0.5350102187719363,-0.09119891216482942,0.5791416291466105,False
-0.4004110397414991,-1.3710611616583672,-2.11358079098908,False
-0.24179262996116163,0.8593114744119936,-0.94571539196769,False
0.0928117877144408,-0.32915872460787243,1.6261161359812772,True
-0.07466380125977938,-0.13255064153546792,-0.8279465324194346,False
-0.8598765203521492,-1.334337477694673,-1.3298258650906898,False
0.696548185892366,0.9386992011707036,-1.4315897057083515,False
-0.0682687575545215,0.35227286942072317,-0.3577957179143774,False
0.24926754465714546,1.184706344335629,0.7543885175666998,True
0.4197738491428915,0.515335251006476,-0.09439769911209908,False
1.0682695071573907,1.174998027723993,0.7545101822610171,True
-1.667638640713715,-1.728295342364459,0.07189233767229189,True
-1.1103239569467411,1.3427165100861038,0.0155864014274174,True
-1.4595679774613628,-1.041548105006166,-0.5055301370673733,False
-0.39929956402307326,-0.1505471698767518,-0.012115409079364519,False
0.446397106744577,-1.4876513585052933,-0.6718641702767891,True
0.6313868647593598,-0.032545070011061814,-0.03988024489097329,False
0.007440074577565132,1.419914169261806,0.7431457464967598,True
-0.15075794505505638,0.23497304195225316,-1.3983171415038615,False
-1.3384341397343595,0.7229711589119766,-2.6623825089942867,False
-0.6470008274063054,-0.6391300769824354,0.7505018654623838,True
-0.2541588399252081,1.272442825339403,-1.4059107755637128,False
-1.3063106205203439,-1.0928936434096463,-0.019077619070347416,False
1.0740539099794233,0.32309197811187007,0.49295750529276894,True
-0.4044398143979993,-0.3258262960521131,-0.645007139398606,False
-0.3449397439317063,-0.13273967492121028,0.868407907052492,True
0.01102580561000682,-0.8284478123622937,-1.1798943142499423,False
1.8974167889652194,-0.501780026577699,1.3449097088448139,True
0.17017766028917147,0.9530401784277546,-1.6801585574691547,False
0.6541243164702838,0.33428374353485285,-0.5202444001702786,False
1.2829548986175847,0.17485202915835826,0.1597636383630417,True
-2.2430924232172567,1.7750858074098164,0.5306438764288972,True
-0.3678664064947105,-0.1217377237817912,0.10644549385247337,False
1.3560165556330712,0.38472039983688466,1.4017286896765506,True
0.17900408600371595,0.3795096970160284,0.3863719662873109,False
-0.6206969563232482,-1.2983912595414961,0.43931541786168626,True
-0.5808453731114818,-0.6707290540359292,0.5798677107992718,True
0.6488397879898478,-1.389390952977672,-1.4857850094365526,False
0.7638329938641302,0.28465910116466064,0.8255143428541585,True
1.2105069770216637,0.10788088856393402,0.43110028168140846,True
0.14228150867276512,0.5182083336873595,-0.2793758974693477,False
-0.20113859233598844,0.32056097263572647,-0.1580410091689607,False
-1.8492208157841075,-0.16946593196639942,-0.6286868622893368,False
-0.01073856703599384,-0.832353390664201,-1.6824296479803837,False
0.27755590229822913,0.6463205102483318,-0.14521600436966428,False
-0.48237492400428383,0.776505710190604,-0.5817650347291682,False
0.3614163920112062,1.25755632013117,0.8194159067453121,True
0.5143196082775569,0.35366084599756836,0.8676748654026033,True
-1.11805524430229,0.0787312829533154,-0.45400322363655976,False
0.7084443219200524,-0.5006089900208819,0.6226404135864523,True
-0.6633408149686468,0.38964839362343806,0.12382539448590373,False
-0.11946242832605347,0.3193521991299796,-0.5214679365968649,False
1.4686279728727654,0.5062427863157193,0.332181452400183,True
-0.2086255841926414,-0.29077314309610053,-2.351457601964582,False
0.00900925508866875,-0.47667082793844673,-0.8545566177271924,False
0.6234773187139431,-0.502999334865273,0.18871306331724544,False
0.9415149397588406,0.22953799667613847,2.107383317896223,True
-0.051897288740827274,-0.8464151925349155,1.003832769284742,True
0.18292039615795308,0.6330454017440031,-0.24298659270184278,False
-0.9472862626418487,-0.7205269899284572,-1.2968142425947897,False
-0.02679522942931925,-1.3201300172045591,-0.5095435914146887,True
-0.9243221706519608,-0.6574368653624391,0.2712683711889784,False
-0.7470767867929367,-0.27812278512991884,-1.1199689396329229,False
1.420997918999951,-1.046073738409775,-0.09138826950304747,True
-1.4091578680994172,0.0761912325385859,-0.8147458608730241,False
-0.2907983782804025,0.2644582699789669,-1.1562916089141642,False
-1.3836094657087559,-0.617178553774705,-0.05947470602517693,False
-0.8441252876242189,-0.9491216327775138,-0.3782454332454273,False
1.769154209066725,-1.495025363330517,0.6792195492997691,True
1.6934272358686757,0.2749702406318626,1.2216801110357043,True
-1.5975273271840897,0.2141056633580218,0.03152477593054604,False
0.2873794788667031,-0.8739949500016959,0.14525799510017892,True
1.1307956041692142,-0.6565217434566476,0.5650714463620278,True
-0.86124672460598,0.8900871501648662,-0.8980590744369823,False
2.134180801475373,0.2462867617939115,0.8020805439232171,True
-1.290241520422421,1.275597668220405,0.25223315291432014,True
1.09321455434082,-1.1140491526503522,-0.16780528558645527,True
-0.8750291108008665,-0.2763391175579408,-1.7454931636038025,False
-0.35467110872262103,-0.4962010373813228,-1.0507258646510553,False
0.4303702731876196,1.0042116466786941,0.27274700266837393,True
1.6208785108576025,1.4228496126285313,0.1375495837353805,True
-1.1061840655035995,0.7615801227609852,-0.5440082493794615,False
0.6380165861032514,0.35785699803801385,2.2370540421221445,True
2.419266395503754,0.9690293935070265,1.1376004411884792,True
0.887736839549368,0.6602130970478841,2.1824158948362125,True
1.1894718577127323,-0.05637888758549049,-0.22763322420972418,False
0.7880404350385364,-0.223050283731294,-2.306130403871035,False
-0.009087759567872807,-0.24729734477153215,-0.27246554802818435,False
0.10701319021348762,0.18989287881623282,0.9438817322463842,True
-1.613741830617948,0.646145716793544,-0.7300483829705728,False
-0.06794141627354403,2.3820640945971223,-1.3126978783134657,True
0.6903745277877482,0.24565757281212608,2.0080049306779078,True
0.6135536393417107,-0.7529189630949543,-1.2580649801239288,False
-0.04336355647358765,-0.3952815501379884,-0.6698388987832428,False
0.9404877362707751,0.22622941934635815,0.1858528780699358,True
-0.44419902314940074,1.7515262226710968,0.9748783882073468,True
0.2721039338859614,0.4194750049531453,0.3272924225159935,True
1.4109465224395146,-0.15761363319569466,1.6710819402296282,True
0.09604452868666823,-0.7421376958838363,-1.0795659547478993,False
1.2975603038672359,-0.7518540307453294,1.0170887186543982,True
-1.3574751298719478,-0.17222441440794303,1.7078325124967337,True
-1.2249038685331903,-0.21318305009771013,-0.22905993383216283,False
-0.312231760961395,-1.2210061077482994,-0.6278364149003772,False
2.3394808718629267,-0.24908427487212775,-2.0465269694085237,False
-0.18713706063029437,0.8581920307028219,2.4997796986942085,True
0.8317038844566196,1.755281068937838,0.9674781329264571,True
0.22634079540448732,0.8258935340078679,0.9009060771396855,True
2.2055261796943495,-0.19858861034798336,-1.344842340665976,False
-0.6703871045400395,-0.2046727891503245,-0.7017088403763808,False
-0.604434024274817,-0.06546304463369607,1.0592957505679073,True
0.05483475920150366,0.6786542392855885,0.9040381933402525,True
-0.944012740174575,0.6667609709445641,-0.9807286538609917,False
0.8964193872830142,1.1113647131928,0.49662511022475475,True
-0.07954957165679857,0.7109476654612978,-1.2552777001718338,False
0.6704912920238161,-0.6778655568052557,-0.6236295480019793,False
1.9933218663953591,0.46291477434118283,-0.2439212155762506,True
0.7522458282758802,-0.2719861073931818,-1.473290512239698,False
0.7641921710860278,-0.8315942634855574,-1.3144212750600552,False
-0.41351225479656917,0.206924276620687,-1.8241245033870195,False
-1.966230072341384,-0.34452758458954286,-0.8535249376657211,False
-0.9450058585318991,-0.2220903318879584,0.5343603026256628,False
1.0710561469903084,1.4760236487126042,-1.4710368237576223,False
-3.627181055602311,0.6854454211854889,-0.07412168233562808,False
0.1990866459241652,0.858825796459542,-1.1846657905115046,False
-0.3623453442408071,0.42949458013103686,0.2647465942227728,False
-0.25788590701875375,0.9781421848568208,-0.2641044188594005,False
-0.23839488243667997,0.205769123057309,1.8169134509926093,True
-0.5346878333433496,1.050555371648841,-1.8996686808592123,False
0.48575285522289924,-0.5209409338365881,-0.6894459672143503,False
-0.842294103186968,0.8644665305247742,-0.8604275530189432,False
-1.1129963167126358,2.251796502046328,-0.20481378197052483,True
-1.107285178363917,1.3942141280550506,0.2606715189655584,True
-0.7073152255824705,-1.493077425693915,-1.935203120289539,False
0.8223605055219088,-0.11537670569913812,-0.4058769655653725,False
0.6900660769737497,-1.284482116460726,-0.03501509406541542,True
-0.6095800705305823,2.515283849187869,2.5643188178538816,True
-0.25121093253882393,-1.0579122669835894,1.7590630948853716,True
1.335049686343676,0.3684079589883268,-0.6422199276388619,False
2.490024020361096,0.7372655271714447,-1.8510913181092448,False
1.192445995895041,-0.5834304799619919,1.416258003422865,True
-0.16980091083420495,-0.5657083438747516,-0.48751149050082954,False
-1.0672603009665573,0.9097433405644597,-0.19686880127579667,False
0.8873914117481938,1.077648218436283,-0.8922116357648483,False
-0.6289799447352264,-0.14462495069719278,-0.1595086139077797,False
1.835897480842216,0.6387294731436393,0.05469646795864092,True
-0.11850187290058763,2.676731474319097,-1.3064503450225928,True
-0.32015576372878385,-0.26099744581226414,-1.2007643558545793,False
-0.32748665573787145,-1.504560054720888,0.6555280768819871,True
0.560644970757561,0.6482687745870288,-2.021463383759597,False
-1.1322936904464518,0.2745807788118342,0.21963475687194,False
-1.0201561445388339,0.44135974897010855,0.6117058102092056,False
0.64595760518933,-0.9100082406622282,-0.7054719880656949,False
0.5867697084886391,0.9688882507309146,-0.33034168782910545,True
-1.8573491576404946,0.7414536745405877,0.39900378928353625,False
0.7013271395880422,1.6147452305534447,-0.1081320168414477,True
0.45256328920397115,0.6887068264909771,-1.1606367714948556,False
-0.6158118478258493,-0.6110890126288999,0.41678157903621377,False
0.8439481434524568,0.35546415873622955,0.09456043941293363,False
0.14074157245708713,-1.599532485653156,0.0535723996039238,True
-0.6535497106697993,-0.8661287407508482,-0.46795151000971186,False
-0.4956457280982586,0.3248650683727432,0.35351547798566607,False
-0.7981535690131746,0.5347915760097169,0.9862473632144271,True
1.6454148131458202,-1.3481838043239467,0.469449937669683,True
-0.08019008972284764,0.4127788289516258,-0.019871232955228118,False
0.6427856971686786,1.1848450305149947,1.0988973168208107,True
-0.5131462688094388,-2.9933229067992158,1.5748032489503094,True
-0.7313942486576492,-0.6659774112919709,-0.818314689972011,False
0.10934560557790678,0.7460903082015041,-0.387805768307866,False
0.1636605663753097,0.5573817828521684,0.06969784648510095,False
-0.30474528745616847,0.2780718002545735,-1.3961825769022944,False
0.2582515468008715,0.7201942042499738,-0.26034465678887825,False
0.3735755152306017,-0.541969967099721,0.3317842476401616,True
-0.4403845853429599,2.659272553756629,-0.8486116106584175,True
0.40216463179143885,0.7948352586343816,-2.1635231091335285,False
-0.6394603717036695,0.11513903459871609,1.1760228814384466,True
-0.44189159856902205,0.6500615959652127,2.007324700635672,True
1.030113664465351,0.49368757145378184,2.1012634431203443,True
-0.28303148005819995,-1.817895243864665,1.3932745432657898,True
-0.25236775084627755,-0.3749841063301303,0.7660950999279564,True
-1.1788256915195956,-0.06620763281606339,0.7870253197625645,False
-1.0374396640773207,-1.7750493374248952,-0.048938877993247205,True
0.2841404510412609,0.42659326985635915,0.41618772185716046,True
-0.9765282975358642,1.0801928898447144,2.710213364972315,True
1.644454509595133,-0.19475387432312224,0.046818182985773976,True
-0.6100828213608032,-1.855252733247354,-2.1185369762451987,False
-0.5656725625843102,-0.17026349383673064,-1.1420985890507929,False
0.12909244387671065,-0.2777630809422466,-0.17457538151510307,False
-0.14008651113508552,-0.5281653598153023,3.483910493057565,True
0.424323561582734,-1.2169174032127132,1.571791851473524,True
0.3577410464605041,0.8561668508375092,0.49216910444571493,True
-0.5538853884076413,1.2967861629363062,0.6072197638297957,True
0.6590515993981166,1.0293731057195952,0.293864706021076,True
0.7589003419497201,0.5700233604923974,1.136318746272523,True
0.07571952451936713,-0.1679019475820881,-0.5451614529703301,False
-0.3959170476784872,-0.055256449375456436,1.427323192865877,True
-0.4633361283195669,-0.6547649439864472,0.34819487928789933,False
-0.027426400716973724,-0.5335233974576332,1.233032773966493,True
-0.6577025162080181,-0.5831789666749246,1.33420513481499,True
-0.9387564351226986,0.2808023238488149,-0.6477623771898694,False
-0.6702612198876612,0.7724567841543547,-1.0895052114119606,False
-2.065874728211071,0.8593474084439366,0.36080189352756403,False
-0.04613893428336774,1.8009127787395038,-0.018117257616942214,True
-0.4065398972716572,0.9359811405896694,0.6821168954060194,True
-1.4155031193947338,-0.23140693919061958,0.6823528112977557,False
-1.3845467786504921,-0.13127120072313533,-0.7256202647480599,False
-0.008560568574092908,-1.1859593427812325,1.8134451542704892,True
0.8002268563426732,0.046050763077198846,-0.19208791786804683,False
-0.28648224109042175,-0.9830512851284118,-1.803943565726346,False
0.0730193577578414,0.7911262896105561,-0.9179652634523402,False
-1.1960793722147272,-0.4309439748709131,0.7896208272534936,True
-0.9133401642248352,0.5309453633637982,-1.0875928165005366,False
-0.3668496018543579,0.548038037729811,-1.0950359181019071,False
0.932614173820889,1.1996191742946598,0.042179668138236905,True
-0.808244770797922,0.3128905688171914,-0.4876177571447202,False
0.5790384164021546,1.429255216488465,2.0763842611006904,True
-1.8557310773231968,-0.49851958348523484,-0.012181630739395639,False
-0.43517521048112673,0.49294673580255643,-0.9767456001292416,False
1.1288807130626164,-2.012985924317391,0.8845139165612249,True
-1.147001461531046,0.6292740650059071,-0.05338461277986088,False
-0.8302239391372965,-0.2155274615594744,1.0104036108834882,True
-0.021962107802731137,0.541704234711193,-0.07209477813655317,False
1.3616109116699087,1.5596783735797408,-0.3471583330183219,True
1.1711652891851807,-0.4305203387826167,0.24837156178143205,True
0.4342043654631629,-0.6743591646869438,-1.3151901980895477,False
0.5935728766614592,-0.26691693793796595,1.4945860147082124,True
-0.2709923062970436,0.4164496804230378,0.3503620617163863,True
1.802655532681304,-1.415786845696232,-0.0346274545513193,True
1.2320882895744134,0.662981146989295,-0.7053933059173796,False
0.3085555988055274,0.444837189238976,0.5480241823202575,True
-2.3011231841020434,-1.2280966234394237,0.28019672400943824,False
-0.19100635671563487,0.6100022881107487,0.3018767532065753,False
0.7623930742616911,-0.5945073783850866,0.19344940684045733,True
1.000340479767725,0.402777934638618,-0.6378915985479249,False
0.8347599510657884,0.5730051314704029,0.36065481784220443,True
-0.9487878932065485,-0.13782376170028882,1.8555443923000214,True
-1.4039151103049459,-1.0456873279290357,0.8155899145033615,True
1.2109027668837355,-0.42719321057144927,-1.567605013600541,False
-0.22453674772995064,1.320391207786085,-0.37284403511582537,True
-1.1308008737294786,0.5701007866574933,3.4346383252714627,True
0.748675399323801,0.9573968158986258,-0.8358166424654137,False
-0.3458904558487023,1.7575529840619477,1.2984357448779615,True
-1.0032805038668167,1.0864460771645672,-1.486508687196938,False
-0.3883930663698,0.39481350826593226,0.4663322199103564,False
-0.264945246454721,-0.987191543306384,-0.7000961645973268,False
0.23906069144677872,-0.019984410048519925,-0.25999073486860486,False
2.131381348017102,0.8253767247228951,-0.7440082031276489,True
0.14692189663634503,0.6512756981763391,-0.30539053179127423,False
-1.1702798039236368,-1.5117114465350985,1.4040671342021682,True
0.831950985309811,1.9541974006795952,1.3916585834832214,True
-1.3351291082818348,-0.31115626355170406,1.1681495817530692,True
-0.3448252686371755,1.0339176613609051,0.9945373571621543,True
-0.09357087882244525,0.018588381931572646,1.0552990339363315,True
0.8847462894922877,1.5083049284141632,-0.6555723326995246,True
1.438340322869386,-3.1992531799527892,-0.06757893099992318,True
-0.10657999617403466,-0.30305910612631265,1.0943515126147954,True
-0.6813483176438737,1.1368243915037215,-0.08622064698712205,False
0.16155298921746086,0.5918320823071177,-0.10567505741171351,False
-1.2857365053593526,0.8191440644705832,3.034006622301402,True
0.36059581937686,-1.1820121026270325,-0.7752395166794496,False
0.3028862291823492,-1.5315162782986929,-0.19484132691714778,True
0.2590968082363207,0.6095281810803304,0.09495834463541329,True
-1.6950450599928553,-0.21724684216069065,0.3320933092480166,False
-0.2846561310379421,-0.21839047082875754,0.8595198923560837,True
1.7068285827802356,-1.4837985186975193,-0.27053624638806056,True
-1.5646077959495974,-1.3363493942403417,-1.6053835368590819,False
0.1464039430128021,-0.09893145067207033,0.07704467910141315,False
-1.2622860173111947,-0.5305055546356625,2.76674034137778,True
0.33565122138186676,0.6932965941070025,-0.6195136018746257,False
-1.6362999466992545,-0.039880329517492805,-0.13538279891174718,False
1.1219555642141508,-0.4541297196881295,-1.7655051997537756,False
0.6389546937169988,-0.35663299322206327,1.251556552325252,True
0.07907103592305556,0.32557115042042645,0.9298549171749904,True
-1.3961452778476928,0.3403798638317135,-0.41170690112630176,False
-0.48555903503729897,-1.3692973449557388,-0.637361237921201,True
-1.6174245877846771,0.2931016115045766,-0.946620375218284,False
-1.546622727335646,-0.26671436417557837,-1.6567383416735573,False
-0.4040191411730267,0.4427506751651873,-1.0062881420891763,False
-1.3724795649031143,0.4624612025984984,-1.8948199710744227,False
-1.6914327237355606,-0.010165424601567144,0.27172367138985504,False
-1.3538218691189767,-0.7972488685572207,-1.3285187339138238,False
1.0507225270342337,-1.3299686199151732,0.8191005121691357,True
-0.3119317888897832,0.28203440222195764,-0.907425633558853,False
0.13754729656466425,-0.8475625288297867,-0.09707123640494272,True
0.330508509465071,1.0365891730614258,0.44360912097139044,True
-1.7728598964041449,-1.4290922675906046,-0.05733711108139314,False
0.1320377447484788,-0.2801794112534002,-0.5164260418518911,False
-0.13281740832103447,0.8790785467815395,-0.5718360303021817,False
-0.3040519448004962,0.8729669037233508,-1.8925418486540801,False
0.3522737673454458,0.4807246622548984,-1.5850958200302816,False
0.26863423930615066,1.0185053485994024,-0.9203403743097468,False
1.7550015489423325,-0.6866174069603497,-0.17494230610960076,True
-0.7546586095413124,0.29191714336234115,-1.467415679310989,False
1.0449705364163444,0.9371653555890246,1.1794987065873668,True
-0.25935939166141897,0.9187207743357979,-0.8089395413923784,False
-0.08700640514881693,2.3989703566339773,-0.6147073172657508,True
-1.0085563609166106,0.011311069341208532,1.5724837772407319,True
0.5859432100694981,1.5945146395277332,-1.5075054257402274,False
-0.8535888636739465,-0.2717484732533404,0.9148289453902496,True
-1.7583030659779175,-1.5185765752432356,-0.3511067500555424,True
1.6855844782074663,-0.5111956939719042,0.41070070921652874,True
1.0858599477881161,1.5951071118426727,-1.0652368438354574,True
-0.5308388095627902,-0.19984692820414365,0.06650062766287462,False
-0.08821573413104741,-0.6463035337228425,1.7801574649923937,True
0.33921570485642694,-1.4469743246926636,0.9766862042872109,True
-0.7543394852840819,-0.9716476677358046,2.132549584499763,True
0.4487639317873125,1.5354568423520885,0.7310842546755177,True
1.938065102095717,0.24174073696325538,1.0221469887597403,True
-0.8931091726256404,-0.9081451175605187,-0.9541128220710381,False
-0.7282887334065787,-0.13329911207764214,0.5138141938805869,False
1.0595017027444629,1.547827794346877,0.09198529879572998,True
-1.503781826695549,1.2901736543493436,-0.1359667228085295,False
0.9073194566178238,0.6731101275563888,0.3414230003622715,True
-1.6226353067089092,2.2596954067815442,0.22910888038364174,True
0.43745920653355164,0.29976047288340585,-0.13639224566538924,False
-1.3412862349843677,1.465960406692,-0.6376558609044616,False
-0.8210735382516179,0.8680094814259793,0.47039048004197087,True
1.7336095185347469,-0.4008279501524057,0.9993526868625542,True
-0.7774198939246777,-0.5038448283803797,-0.01993139519215897,False
0.004284076657793252,0.09646188055301881,-0.7667897645372759,False
1.2140301045137354,-0.34962725453440113,0.23003443550055813,True
0.05378962778405539,1.8071412334697745,1.578701588838491,True
1.713997806813376,-0.3646659016599034,-1.390594297028233,False
0.9974894396456266,1.4811023235779561,0.92753849241209,True
-1.6560104352321254,-0.3141772937671003,-0.20216547003041066,False
1.1744793714836501,-0.986020319318498,0.6932861919727985,True
-1.065577868513943,-1.456304692162787,-0.00040142565597108595,True
0.2644494264503568,1.492635440478479,0.6556233889476671,True
-1.1198836421276235,1.4586793704992587,-0.6418690867159201,False
-1.0250104511138511,2.1283694220502394,-1.1706668900793737,True
1.1596598968610934,-0.9363684269988352,0.12417107772070274,True
-0.3730001674842114,0.2496085469136928,2.557620381936083,True
-0.8917122509941194,-1.0896776025987187,-0.6007226927592496,False
-0.031644402480532394,0.9484951311840272,0.5841417390544109,True
-0.5952910535817316,1.4876308883687923,-1.0409999108188657,False
-0.16049461928811645,-0.8073156699427251,0.29601298127499776,True
-0.6419141136871557,-0.577842508262922,0.7538361238038243,True
0.9305602839046379,-0.5116611969453646,-0.2958320726048469,False
2.0926520714814503,-1.2472894930653942,-1.9191116434757514,False
1.5191592022331097,-0.31261217048726797,0.2664353029360744,True
0.08678042312984381,-0.13242997907691353,-0.22314942016997208,False
-0.3430426460004545,0.37979598963845884,-0.9209274576546764,False
-0.297950229902602,0.22685951358441783,0.061423619586496156,False
-1.2493543035168826,0.5060236943494274,-0.6811593153434261,False
0.28990584884396425,-0.6148802045651475,0.6283288450199507,True
-0.8800878787234804,-0.648857385305487,1.424187261325187,True
-0.9777712651998901,-0.3846014834766154,-0.04792479747355968,False
-1.5233055178289896,1.5100099494933084,0.9323685047066081,True
-1.7219110274277218,-0.5075591879540913,-0.28776726440454375,False
-0.5372546594896551,-0.6811855162336663,0.36297124382991036,True
0.1305928530493971,-0.3027929060511371,0.9898946904013635,True
-1.1171660239448042,-1.3734133539213393,-0.7015637078596689,False
0.29474386582106743,-0.05282665149156843,-1.7045742847661787,False
-0.66179865164282,-0.182548327211488,-1.1942592043510973,False
-0.2319047301277211,0.6002652523294938,0.3960525070426562,True
1.32994643007708,-0.5558089082096342,0.8066009453595874,True
0.7419191777901485,0.06954914107220353,1.2603854063286306,True
-0.5027610752285757,1.5976352105956702,-0.03449390994011691,True
-2.003352066494155,-2.106694134295115,-0.12976067606141395,True
-0.6895225342667207,0.17391692406995904,0.7757213343514661,False
0.7847186352959288,1.925472466241811,-0.0295653851818273,True
0.30040249663323576,0.9722962660941096,0.43405440130686784,True
-0.6760627542253753,-0.795886822647496,-0.40747298417378935,False
0.9721450347858651,-0.24900705562757136,0.05598575972896038,True
-0.5054654897361182,1.2353956973538505,-1.3923358437829925,False
-1.021113396698282,-1.6795349906611938,-0.8529065392006503,False
-0.5790016490304141,0.8480562435116852,-0.7877768814523233,False
1.6724963970846976,0.15067552737119144,0.6583672777190007,True
2.1338210725907896,-0.12784365751658844,1.4379380177363084,True
0.19930100176577695,1.9738357904811448,-0.497796817333388,True
0.05063054618150824,0.7277095615154899,-0.48373573451533897,False
1.4612660721226316,0.27155164441996016,-0.3147919448938881,False
-1.5485667743443372,0.5992939625868293,-1.6378817746157697,False
-1.3366017595430348,-0.025119492264866934,0.6299351035278776,False
0.43932579668689836,-1.3569136860188342,0.2823152498604315,True
-1.1321419645179662,0.1195799685742889,0.11402420077159531,False
-1.1211956698649033,-1.078363281317276,-1.469941849641977,False
3.0813295269817154,0.6140270985103249,1.3182705362169675,True
1.4340841441773018,1.084079528481133,-1.9801455571934967,False
-0.0515989582418413,-0.7127171914229924,0.9905493748308513,True
0.952367448182325,-1.8341263478508523,-1.9535296780837885,False
-2.2015066676520783,-0.9462258559609145,-0.7625206265983501,False
-0.11752088440240957,0.47190066856821367,-0.17827433689686012,False
-0.6921695313793018,0.5187699997637917,0.09295520048884655,False
-0.1921700913580109,0.25112791276371604,-0.8702118631809547,False
0.4276386423825381,-0.40906980346033656,-0.6894710591321547,False
-1.9641062739419208,2.410359898487317,1.0867926164912778,True
-1.1988421055732188,-0.17260907325178718,-0.2158548271252526,False
-0.02654780384915363,-0.1326313053457781,0.027884035980083172,False
-0.2886747652746146,-0.41018311188256884,0.552039503120034,False
1.708163233233042,-0.3602423281297388,0.9966679929514956,True
0.15550281848063727,-1.1465019957759905,0.47754680236790736,True
2.0068278182098997,0.16456927471623353,0.0973071511412423,True
-1.8347288875620225,0.7773922528751079,2.700566548627748,True
0.788861000316097,0.04329607773697959,-0.12620075946502815,False
0.4563296278930944,-1.4863233543035628,-0.8666560880937261,True
0.1903482706501867,-0.06481612081928634,0.2308864659941905,False
1.3514813385925935,1.0066043071792685,-0.45070619483279356,False
-0.977627100715986,1.1211387337750258,0.8672566853029495,True
1.0944503563491401,-0.23142494446942494,0.5198681215464257,True
-0.2775735352249608,-0.7855473900075775,1.7006147360976491,True
0.21713488463174654,1.1663496341655277,0.8796378128696508,True
1.8935431652696835,1.196008854851227,-0.5179242526857485,True
-0.1559764160844597,0.5831869704439897,0.8304742461429724,True
1.1048903176173568,2.4660259766926753,-1.6838779028412774,True
-0.8866253580664426,-0.03897332695612112,-0.18421959868201218,False
0.6611905090950968,0.014885221988893499,-0.32904435748308036,False
-1.8544569724318514,-0.44297393265927637,-0.03660387851412245,False
-0.5451495661293848,0.8625441334930317,-1.3619921852648869,False
2.2308145011675786,-0.42737992115493145,-1.48256500539223,False
-0.6013028117792139,-1.645007260346526,-1.2613399135384713,False
0.8766745490277139,1.1308762193213975,0.23721060422709447,True
-0.17352612808731055,1.273908294249647,0.012069924461403094,True
2.4678300689363453,0.17721619376067632,-0.897901810041907,False
0.024881814353595485,0.6505740254095553,0.29898106600900065,False
0.8367337361971232,1.7973027410688798,-1.1234057254155672,True
2.6891884546106803,1.4664480351158078,1.077908255909827,True
-0.812122912586333,-3.474272762284428,-1.1241501637896258,True
-0.9706707686827922,-0.48690016291727783,-0.7394396542126781,False
0.4047054704556112,1.311468258324305,0.4333527351098521,True
0.6906796169704157,-0.45415909211196837,0.6433682733119689,True
-1.1234251188411044,1.223310191628264,0.8176907794566943,True
-0.8646744000472669,1.6440011994440094,-0.38522898949505524,True
-1.8623283836693452,-0.14745300170073927,-1.174529113572263,False
0.3122810936732096,-1.060630402085313,-0.4730636480143686,False
0.25329477964804015,0.28877880089690044,0.01318035724177248,False
1.3237661220133832,-1.2134712562501382,0.5237836500962062,True
1.060459528395725,0.4620524665537186,1.0115708709755094,True
-0.5489294557029044,1.3685481072643548,0.82673233629039,True
1.6458739507917255,-0.42515008634980234,0.48564031755995235,True
0.3602171922489579,-0.9687281395476175,-0.10423902220577627,True
0.26702372284327547,-0.6572009583589393,0.42226343872212435,True
0.09881541044988376,-0.45638810205108993,-0.7329793848243125,False
-0.04459999437045978,-1.2992051663582251,0.9187330052766954,True
2.149440589878661,1.7522536337132497,-1.8858293381744833,False
-0.3368861404020088,1.0679617030350819,0.5739810854209795,True
1.11303769663909,-0.709902332036002,0.5096178207405282,True
-1.0710664501407414,-0.5743379523455824,1.5838646686387543,True
-1.3059369298415826,0.3450309170433908,0.06510353375690262,False
-0.17382306871928788,-0.7514563180699334,1.0428109758078106,True
-0.4045880450862439,-0.0052462410959495985,1.369124580160291,True
-0.20621982747867965,1.3905787177957025,-0.23158431504896862,True
0.011897340058894847,-1.0147072596134852,1.2967171486389457,True
1.2121910499978776,0.13888366017451328,0.37169785178836834,True
-0.3618486466407159,0.26255252410749896,-0.20402961770649308,False
-0.6668571505840616,0.5820811449743101,-0.7212428869387529,False
-0.43447644342544495,0.6326212426287838,-1.0999283668236766,False
-0.8553042427851619,0.8936044429977057,1.0448687725950214,True
-1.3548511140641648,-0.5846527976726805,-0.8360539881041927,False
2.5015304735070374,1.8027309826133509,-1.2942894918459944,True
1.6462017755317855,-0.9754736975082664,1.1312847088774478,True
-2.306259637932592,0.662802422499881,-1.0111562109156615,False
-0.08559591779350571,0.544604080677611,-1.7542544571885186,False
0.38860092714996164,-0.738898262889521,-0.11990463550729688,False
-1.6516543363790666,-1.1285484572952096,0.709811448328108,True
-0.8965473485521307,0.9905527869106414,-1.1691876329040456,False
-1.735035103423654,0.6560561094866029,-3.18235946014629,False
2.069526030034343,-0.7525044923206874,0.4226067754190869,True
-0.4914129902859336,0.40347756300666865,-0.30636856983335115,False
-0.6537994623877189,0.43759074824158917,-1.0981677379971604,False
-0.6190390334341092,0.31942589305242614,-0.7136412187839979,False
-0.5404932611156902,-1.3541149344457153,0.6464735686038618,True
0.3379197876989686,0.3603361636195068,-1.3437240946116986,False
-0.42163608391200225,1.8413459229704376,2.1755642524558767,True
1.7512344774639452,-1.9876890959163447,0.12248717891815518,True
0.8262697140084837,1.4504433300739012,1.6051215293203782,True
-0.5816541523983076,0.15875549511738526,-0.8601490894165323,False
-0.16881734903136017,1.617509752494187,1.0831876125244773,True
0.3301912838482693,-2.294647300831783,-2.1172463722960093,False
-1.1741116493023944,0.11615564860639817,0.7624235618685895,False
0.49826736563791074,2.1302786762007972,1.1197116897952615,True
1.722801333187812,-1.4857214376389192,-0.12663702854410036,True
1.074955917570954,-0.8619465944393867,-1.1755744685759686,False
-0.8769644137689695,-0.8436362345167231,-1.0496985898712634,False
0.9776468652768258,0.10840800248686053,0.3120506135488219,True
-0.8904528497415954,-0.8943889918356688,0.33706282259036496,True
-0.7218269476681749,0.20895576928215862,-1.2919181227035401,False
-1.4586952643022102,1.2708876763154084,0.7788511176632782,True
0.3165478950584161,0.6985977865989985,-0.3110961898672173,False
0.12828671285041604,-0.8510099320073172,0.07344580059611384,True
0.2687873615369164,-0.15860659462845098,0.5486896384910516,True
-0.8622208134417236,1.9399763552986649,-1.469323180387942,False
-0.22482415718493262,-0.5338786957994062,0.7384273026136963,True
-0.5685135201719947,2.845909233030513,0.19631863606545893,True
-1.1082939740774773,0.4525483012344439,-0.7860651653595745,False
0.04126890554660557,0.4359074843216986,0.047113651802334296,False
-0.18046828638299714,0.03112243025533124,-1.4379508272082935,False
0.3270667077273885,1.1916682260719138,0.9265600139345228,True
0.6387158727206895,-0.16656710970124022,-1.3107118853553705,False
0.12259838154049237,-0.7398504204902534,0.5603394292773242,True
0.2283032264109696,-0.5799531379299366,0.6526972089882452,True
-2.0299498188954583,0.6095690370541597,-0.13649664684473942,False
-0.8144923466518365,0.3163349497609297,-0.19219205624264402,False
-1.6636904136247168,0.4393639278523832,-0.49813642376513306,False
0.27681434146418205,0.7272095816901802,0.3263646862085798,True
-1.6858333736631559,0.8225561330056289,0.16000585942155304,False
-0.29010936406786564,1.3519998922492613,0.4078951554286783,True
0.05081726213855261,-2.158731270795876,-0.021532056283738478,True
0.44999324782414757,0.4397853378109988,0.1545024232308543,False
-1.5232744859541927,0.27682369423468434,-0.3555475462236382,False
0.31820941527239627,-1.252977635551214,0.08332580042828089,True
-0.9801555136721055,0.7094654240617312,0.11266419870281659,False
2.4328935668117966,-0.29204027762319845,0.8110389660796138,True
0.8196632176431469,0.3768947349253912,0.6252024795857353,True
1.4825455544952884,2.042498475080694,-0.21888287388984223,True
0.4509592040445439,1.3263564492656152,-0.7808563964635716,True
-0.5597304198543086,-0.6288514430788245,-1.2618036400116353,False
-0.31469444717080536,0.427530166477267,-0.5804237583798119,False
0.044555095368358145,0.6241104942076162,-0.19934395451993897,False
0.49630412220589426,-0.214793725601835,0.023757714822326758,False
-1.2005978744892474,0.5819950939908147,-0.5660030003644728,False
-1.040282627651077,-0.07983353420630418,0.04249078814874941,False
-1.2615126995470205,-0.8514873464303623,0.7315055920194408,True
-0.9488293714288889,0.7975344279632629,-0.2777954431590913,False
0.8249524874772469,-1.131787816530752,1.0504247127199227,True
-0.5288523201718633,-0.11936430736798748,1.698112105987308,True
0.6198924697910803,-0.4346638430118264,-1.28560244318271,False
0.4475825923062167,0.2832800569348041,-0.5653514743750682,False
-0.9213736427383914,0.6625654287813203,0.8233828929749761,True
-0.989363951829851,1.6410161940359784,-0.27613605929909163,True
1.8182727494311792,0.2351098075006636,0.19313350018255865,True
-0.6302369254427568,-0.07048896391902337,0.8930876344308676,True
-0.34224885134161426,1.672003098199384,0.5436792930721864,True
-0.9126271372422768,0.9940294372392973,0.5212238734794843,True
0.37287504520674536,0.1698619014559625,0.826635226671952,True
0.9806338288339417,0.2623170073593377,-2.373425488207955,False
-0.12220864926259396,-0.5240566930682583,-0.6351365541570272,False
0.8300548754572756,0.6845294138220709,0.10621987817838639,True
-0.6354480738409286,0.6560839298804961,1.0926214758733896,True
-0.15826840667967312,1.9973138689737702,0.15769334876663407,True
-0.6301878968252356,-1.3306907565766344,-0.13204400050868403,True
0.4164755466958812,-0.12877552836824085,-0.4192880620831189,False
-0.26099507781848963,-0.4194553036102896,-0.2074263395943795,False
-0.38487054244520774,1.034300102244751,-0.019442905299091283,True
-1.1922766270900733,0.17497887320215397,1.1939373370194737,True
0.8635823950888426,-1.3386133779468667,-1.4330501796148194,False
-1.1509259049833453,1.2177672161793862,-1.5083741057900797,False
-0.6178101862153551,0.21091310292317153,1.5398102876233395,True
0.5284867467764325,1.3597209211239587,0.8776505944997466,True
-0.03885444710586574,-2.0207630591639125,1.462789684925797,True
0.04450817813849562,1.0832599021048763,0.26015383117921986,True
-0.3297338507045488,-1.0416853278705107,0.17268410892198385,True
-0.5285072940330711,1.3432079777214605,-0.1356738530727301,True
-0.6527604609780635,0.5253648038351606,-0.6285890115492124,False
0.00035868534507931313,-0.301646707138195,1.0825975829224814,True
-0.08490981371080847,1.2679142972955757,1.3416471042077114,True
0.8498131079613572,-1.0514646094284672,0.9246231718599425,True
-0.3930801110065484,-1.1402759523076038,-0.03649192877735976,True
-0.3322234235314518,0.9855493006678263,-0.600125161342629,False
0.7600823529608463,-0.2546885291945495,1.546257327837636,True
1.9059967204349786,-0.2256131741644772,-0.6990047190810891,False
-2.5821826071487015,0.4367976945685201,0.3811971416466213,False
1.5969066965518368,0.969968416393937,1.8204236524764006,True
1.2155199122337936,0.2341997315168859,-1.3760752595621406,False
0.4884544789816648,-0.016149287475752727,0.46848014245770053,True
-0.1589505289227633,-1.1098701334262246,0.3308938889746193,True
-1.620606468237592,-1.6655866992436552,0.09402457833855432,True
-0.17071781778318904,0.019184636881870984,-0.5465721613111137,False
-0.8974861060993194,-0.10709490299523845,1.4492514339545517,True
0.8991414026342794,-0.06222501321402418,0.1589304877539752,True
-0.6531119972372873,0.9640688628842811,0.3466821641069936,True
-1.113677054191857,-0.36107888920594766,0.43154417513888427,False
-0.5419484373908,0.46216178258874774,-1.8647565097379404,False
-1.281088992596917,0.3840811561690964,-0.15155739591420855,False
-2.1215864391787114,-0.6336822398635688,-1.7033414381636065,False
-0.28472886506848055,1.2405600626178683,0.7448848000994128,True
-0.1880831288070673,-0.2941739686747399,-0.9149193461344465,False
0.19305690138262627,0.46678413492270077,-2.3718681770565126,False
-0.03853253717820848,-0.9009010711017503,-1.1129322534433683,False
-0.19888395518352953,0.7756230816991834,-0.805919330331322,False
-0.6457721700033443,-0.6302348460012063,0.17998849896357794,False
-1.266962991942071,-0.33881356598748363,-0.6984671766359244,False
0.346220493513843,-0.22986270731935876,0.05708921319118372,False
1.3897719302196434,1.6078199619417184,0.032313865523655734,True
0.23647648108337194,-1.3113262068149771,-0.6353102284954462,True
-1.2946437389933765,0.10051785725294578,-0.5221814309693213,False
0.5631860083019644,1.5793566041587628,1.1776906889501404,True
-0.11043441298624693,-2.2224279783763796,2.2477785188131283,True
1.4357586890442795,-1.1298474038774708,0.64736331163459,True
-0.20980237240982144,2.1842541804878897,0.6392204009170643,True
0.34106148035733924,-1.55257878667829,-0.06161837656720201,True
-2.946501778162849,-0.8515372938655312,-0.8579011400005881,False
0.9025825037027378,-1.926866682424981,0.0896486514345384,True
0.6065874600115765,0.44828391881809987,-1.5231134211306532,False
-0.364947965618574,1.0116412598788782,-0.2858488472941323,False
1.2285860685669714,-0.849631960241638,-0.24848521253710573,False
0.734328034824471,-0.3630396455434238,0.837995612402984,True
1.820577228895438,-1.0599140546349877,0.4323095188981975,True
-0.5599123523436982,-0.7498749187108814,-0.39935234476928694,False
0.8597664937727333,0.6915584431601703,0.32705830308506434,True
0.14903974959435104,0.7857290510538761,-2.796490949676138,False
0.09342358636532076,-0.39845265751626624,0.12925247390255215,False
-0.41659408543047566,-0.07613168397629133,-0.631201213197416,False
-0.25109980878526283,-0.47491773824878075,0.4049670079143079,True
-0.3744726858480085,0.2989502498706512,-0.5126650793368318,False
-0.05076460564744442,1.7317285788415224,0.05113389439920922,True
-0.3090198392449266,0.483260858746523,-0.6041479774452737,False
-0.4746028264845633,0.43542054160415333,0.8338946622301932,True
0.12626314780210535,0.03994149895293319,1.5887369847418895,True
0.012502227350096214,0.47168439727640227,0.2985122476778495,False
0.9123131987063681,1.5166336145650168,-0.8618012867506486,True
-0.8809529973415461,1.9279459222892503,-1.714090174560905,False
0.09149588231203132,-1.4772148438953865,0.2865967621976577,True
-0.4472034852310652,1.7145517001567065,-1.5342960002362112,False
0.8255260759222937,1.0812828425768684,0.9336579187382582,True
-0.23569228335417564,-1.735483795821449,1.3446132261479673,True
-0.9913094301093361,0.21295244220704349,0.7828492563330371,True
-0.5947939738608271,-0.7381237977629163,-1.580655777898809,False
1.1740066515197216,0.4106099130966214,-1.607360940421653,False
1.4545484687851413,2.118250001588688,0.2599588445140676,True
1.0221668518798006,0.4758264286629006,-0.015131772989566744,True
1.8699252180140529,0.11427048507636205,-0.2964554552956626,False
-0.6053680454964522,-0.014149617970421828,1.6993890344993339,True
0.49489390195202154,-0.25975651623329277,1.8822575916931867,True
1.2922788143601034,-0.03593055002913409,1.0411594760537088,True
0.6444488370070544,-0.005744034667907067,-0.7995252766234155,False
1.9523299577881297,0.423165520055094,0.6826745639785082,True
0.2907412932973248,-1.197447041101913,0.6780150519166265,True
1.5629644570908132,0.9117572661016907,-0.8775560073081701,False
0.18841648719394682,-2.478864705509087,0.33769159976105195,True
1.1365185336241135,-0.8805653431341468,-0.40426549384661764,True
1.3804486031808352,0.2946765542288405,-0.4999622539179358,False
-0.42324253178537047,-1.393902856778544,0.389200513602873,True
-0.31291211386986756,0.6523775011562171,0.32478788925250834,False
-0.2776880099925773,-0.3763128706704337,0.7372833899496026,True
0.03209573406652127,-1.2306301498325833,1.0420502237317155,True
1.2610661452468814,-0.25305886441915926,-1.7387869890936911,False
-0.39023507113016365,-0.5643786907790486,1.2015456998423122,True
0.3008543045796735,-0.45837875667786254,-0.4978932806053204,False
-0.06649050366364678,0.3443719861371191,-0.7447935025048592,False
1.059127345311436,-0.05925834129142674,-1.5004138037144574,False
1.261380248118986,-0.04712730308625806,-0.06302389626999401,False
0.13163876796899415,-0.3997373221244881,-1.3397037964186886,False
1.591497162881684,0.2586729925501448,-0.43374070139161425,False
1.0982851696550797,-0.5938420895713599,-0.019389441666382446,False
-0.2279541778828492,0.9587820492544389,0.42525781694188663,True
0.0008537934809121966,-2.1284821185493707,-0.8598722591689147,True
-0.5145095412187695,1.5443528382206915,0.07601310405656436,True
-1.8390956017635496,-0.9377076779594821,0.22281003143348582,False
1.7931056306910154,0.38029877875035967,-0.6665388102300253,False
-0.5877194281247123,1.6239957663326567,-1.8654466488967516,False
0.14260782291982665,-0.18183521589884807,0.6812968766766755,True
0.636234758895481,0.08172870644793523,2.074953832941089,True
0.009491758605690228,0.7199474259783398,0.17677989558945548,True
-1.0575454790327816,-0.8856490006230577,0.23513750188912488,False
0.9207198366790282,0.9582112212476368,0.045919414150190664,True
2.1199269122364535,2.783635635190103,1.6137461047508221,True
-0.5882174905355895,0.1417122409962813,-1.6219548093436316,False
-0.7956612765563935,1.0214177070248969,-0.8840114217046431,False
1.1458140271427746,-0.8765517276863917,0.15596172472958433,True
0.9110888055049882,-0.6648793123344318,-0.021265256014757726,False
-1.3077417900832284,-0.22019591527115742,0.6309585336747651,False
0.8737513787238672,-0.07266010009399117,0.630294871021493,True
-0.4698679754981706,0.08977186254474369,0.29492340236697184,False
-1.3273157765316366,1.7608912324669044,0.022484223874585745,True
0.7725732956975973,-0.8481676438869497,-1.3273131670964005,False
-0.5790007952178305,-0.21098966715551334,1.1638810555794115,True
-0.1818895157443668,-0.6010871571922823,0.773228959875476,True
-1.3426113942519746,0.4105116759651002,-1.4787461629076397,False
0.4940739699942715,-0.9555444168649898,0.04038744106655049,True
1.3601707348311554,0.36031638093634,0.6484388479020751,True
-0.8506231195110522,0.06678514325779877,-1.32120201516174,False
-0.6019223268608582,-0.3097783808954189,-0.8271250407627093,False
2.2918869703442777,-0.6544482898686441,-0.08118763167493252,True
-1.0502076724835627,0.11740250578374299,0.2993180480340469,False
0.6148756101321078,-0.3161687278925511,1.1216808553747317,True
1.20942448944074,-0.0338568439235832,-0.17821745391714655,False
-1.0831055901893776,1.3992642628562377,1.5997191999494207,True
-2.6252034517839777,0.657081461340989,1.146945447478937,True
2.333065183354017,-1.308504755750747,-0.28522741059218654,True
-1.4857471577226753,-0.12217460296067029,-0.6376797678206908,False
1.9788497834527727,0.35864218675317194,-1.3675704912216615,False
1.1517410600590756,2.7728051714062594,-0.6426226713131543,True
-0.8748010010867823,1.7833153196929745,-0.6267009569916683,True
0.3063037492977482,-0.015083536434987731,-1.7728274491778369,False
-1.1156009924927852,0.12841540402296667,0.8850020157148835,False
-1.1300355058476235,-0.19624922454185587,-0.06514824999926426,False
0.7405539220203957,-1.2286446931467376,0.5774909521695034,True
3.570060137405989,-1.0210789892715388,-0.07328237469376667,True
-0.5793867834077677,-0.7860910726711113,-0.1814758777828123,False
-0.21436152482385923,0.18661177502088155,0.47729915639891923,False
-1.1800660322460992,2.061542998965577,-0.24030806795452894,True
-0.46903755157496324,0.057103840413933495,0.27177872450376045,False
0.36045607136871943,0.46456411176038076,0.2982228444471081,True
0.013961664370096969,1.5840346395693505,-0.3680133971820433,True
0.8952986754298511,0.29788434094714256,-0.8860722441707309,False
-1.2518832640850397,-0.47435374716037904,1.0527914352704912,True
-1.1508025616074655,0.9197044182725689,1.378830300632514,True
-2.4675783961718842,0.030584113931102535,-1.2291330824736173,False
-1.0769510087935394,1.551638768371148,0.635874895406182,True
-1.542652538575011,-1.0170705003168747,-1.3046890989918083,False
-0.11422122595240972,-1.9618061154845314,-0.9063889407389969,True
-0.5894341104874397,-1.1629712697816048,-0.6134303409416365,False
0.07857444454136162,-0.637909094592441,0.018547885055349753,False
0.8125387108940185,0.3084594550930075,0.237283235952248,True
0.21008943723849677,0.6815823351046502,-1.3874913296427374,False
-0.7042257948885687,0.3516818165916845,0.6080574093329714,True
0.8921496624971138,0.5463954864704084,-1.383466065063288,False
1.0311213573096008,-0.472359314273572,1.8173301685042735,True
-0.12382066624617276,-0.16927200408201834,0.17161536672319946,False
-0.4222178013832582,0.7577603918319775,-1.3584546726565576,False
0.07325976706355587,-0.3009723840856452,-0.8552420634874217,False
-0.036393446077848446,0.17062525555739017,-0.8487213866037707,False
-1.232302890434529,-0.2717167375188032,-2.673121263120315,False
-0.18842030050217518,0.29987192782910804,1.7790055022119744,True
-0.6387529193751211,-0.2474927489631193,0.32432723998846374,False
2.1663981360934135,-0.5746540856279326,-0.8554086544779006,False
-0.1454092838255038,0.9803730255487121,-0.30814940198194224,False
-0.9633729321252542,-0.961531987336455,-0.3572276414059128,False
-0.6812876548838847,-1.2754431449270567,0.2659037580777906,True
1.5924000468656185,0.5099074146474118,0.965033200040931,True
-0.1784165712944025,-0.7547387403575376,-0.23093699875934642,False
-0.5886629485634584,0.3257240709886302,-1.3716622125559375,False
0.41699836018378894,0.7227636428730128,-0.1451990247302348,False
-0.2653634404471688,1.2141034920463536,0.9094442281303112,True
-0.5895805092596879,1.2867346746276558,-0.12201471052552038,True
-1.6936301360537471,-1.893845074093899,0.31103958849518343,True
-1.492937753950057,-1.7442397635866347,-0.7709914061939158,True
1.3422186907176903,-0.8199702417250222,-0.6686911167102167,False
0.2348716686336232,-3.0004155575151255,-1.4897109206455958,True
-1.0066845361740435,1.6536053954649783,-0.839677650548799,False
-1.0915908579621854,0.4743935000329922,0.9068492755791607,True
-0.8214431174154601,-1.3535598653355874,-2.8348767816198337,False
0.46405310271602623,-0.5843894812062869,2.641392108267283,True
-0.3715545685781483,0.9980173629802945,1.5893532276577254,True
0.6090602043126031,0.7379770208616386,0.8752662549040443,True
-0.2916291029104783,1.148723201610964,-1.4436730763938685,False
-0.8016350201127396,0.055106331790230154,-0.47467478416870057,False
1.0978120378333927,-1.2341304501594548,1.5289400571405454,True
0.42694131040093797,0.687771004313323,0.4722533357429656,True
1.0692819382604382,1.0288507790767636,0.6176831666366763,True
-0.6496157700203987,-0.7026597229252194,-0.39769668783425594,False
-0.6186297199024823,1.242269101998538,-0.0020757185854633664,True
2.1477876550756263,-0.5324959741230754,1.3432514002440354,True
-0.03189082219749885,-1.0120670703408072,-0.959629120172998,False
-0.9650542331022285,-0.5808425499934621,-1.3061470128018018,False
-0.8926437126949361,-1.5905185732445937,0.35941199983826655,True
0.05503636584403626,0.8334954894426363,0.5502845554960392,True
0.688304700548743,-0.21407503228977293,0.9446227529944754,True
0.38976167256287036,0.26057252880248233,0.978415521745892,True
-0.43722376822502496,-1.0256513813544401,0.8637683506097087,True
0.3915858227418908,1.5332301211129395,0.619928465222079,True
-0.8728054905186997,-0.5294872891615169,0.27698192175362824,False
0.03662018479174228,-0.3555234966183426,-0.1429359431173084,False
0.46907348080366357,1.1844712616733184,0.3483399534048337,True
-0.3956785822198467,-0.9813521791525376,0.3102461276020829,True
1.8273082082276273,-0.2920426964894685,0.17725475479705238,True
1.333661928785254,-0.6034955464911803,1.4893334145754433,True
1.3680320068243998,-0.8400667651459788,-1.1114082394240157,False
0.442649977381979,1.6493624439954584,-0.425189505185661,True
-0.9747178146217048,-0.16550267454155557,-2.5900362461599022,False
-0.0692057585711692,-0.5391283406207076,1.4178689733011514,True
0.31720384042609734,-0.8014448672445887,-0.6174220114895294,False
-1.1051646872821779,0.19023323642507495,0.02971503886122372,False
-1.3730574638821793,-0.8918579275309585,1.0139113433450064,True
2.59923747072041,-1.358931377349882,0.13615330595694564,True
-1.3764897053056209,-1.1184471549138124,-1.5251815349488642,False
0.40142384812403825,1.2428979807832212,-1.6468030961168563,False
0.24932858631786325,-0.8773268992376149,0.6810988924516568,True
-0.3863726266367943,-0.3290274416192304,-0.5872898943470033,False
-0.5582496631453557,0.23067352246352826,-1.8213759217672194,False
1.0798573924035113,1.233021016063756,0.9692711133495311,True
0.2891029467980981,0.38817395284704104,-1.3216109779502918,False
1.1843036668492037,1.2284774437404438,-2.3541762836714875,False
